视频,视频标题,视频发布时间,YouTube Premium 观看时长（小时）,YouTube Premium 观看次数,每位观看者的平均观看次数,唯一身份观看者人数,添加的评论数,分享数,顶和踩的比率 (%),踩的次数,顶的次数,流失的订阅人数,获得的订阅人数,观看次数,观看时长（小时）,订阅人数,您的估算收入 (USD),展示次数,展示点击率 (%)
总计,,,49978.2118,399710,0,0,41823,48039,96.48,10333,282954,25368,138351,9923690,1195196.2944,112983,14199.445,176332935,3.49
lQp9ZPcE2Ro,美国切断华为芯片供应，会把自己逼上绝路,"May 22, 2020",1845.1279,10362,,,1206,1891,95.2,448,8885,78,5409,266264,45819.996,5331,40.447,5294009,3.17
cWG3N7WrZME,三十年前，美国整垮日本芯片，可惜这次对手是中国,"Jun 11, 2020",1723.9871,9752,,,923,2380,95.61,415,9033,62,3777,278783,47446.8307,3715,462.544,4328514,3.88
1http3-rqss,科技袁人：美國的5G為什麼落後了？,"Aug 3, 2019",1711.4597,9203,,,543,1553,90.7,463,4518,172,5884,254363,50358.2007,5712,679.152,10438705,1.53
3IiO5KlAiNU,❌躺倒大自然：我就是研究蝙蝠的，研究了八年了...还被咬过很多次......｜刘奇,"Feb 6, 2020",1232.5068,13731,,,1058,4620,96.1,338,8339,110,6931,463148,34379.0353,6821,789.779,6750143,3.86
_cxaxrwFz0c,[SUB]科技袁人Lite077：通過華為斷供事件，中國測出了美國的實力上限,"Aug 2, 2019",1211.5578,7186,,,619,1072,96.67,352,10217,198,6550,280976,45984.5089,6352,243.083,4803518,3.53
IMvws9rh_Qc,科技袁人：杨振宁的诺奖份量有多重？可以说是“宇宙级”了,"Dec 29, 2019",956.1841,6091,,,474,418,94.69,141,2516,45,3338,145273,22024.4172,3293,3.091,4081779,2.32
N7r2FSTDTDE,躺倒大自然：以中国灭蝗的手段，还轮不到吃货们出手,"Feb 22, 2020",836.0342,6073,,,501,887,96.56,144,4040,22,1975,182694,21997.9481,1953,335.483,3389769,3.19
 -zjXm6qTBrY,美国奥数总教练罗博深(上)：如果不是第一，美国人就不会关心,"Aug 6, 2019",819.4,7750,,,339,1395,97.59,53,2147,19,3532,154804,15155.3117,3513,190.858,3488814,2.52
MRoixhGM0dQ,[SUB]科技袁人：“鴻蒙”已經亮相，華為卻為何還是選擇安卓？,"Aug 16, 2019",741.149,4389,,,506,794,90.34,254,2376,72,1769,151827,26386.6189,1697,0,4609448,1.98
QgtcvYHUOi0,怎么快速赶上中国的探月进度？印度自有妙计……,"Sep 17, 2019",733.4861,4660,,,505,240,90.34,186,1740,30,1185,138557,22745.1255,1155,343.862,3215574,2.81
d23JcxUG9AY,美俄疫苗十月上市，中国却要等到明年，真的是技术差吗？,"Aug 13, 2020",708.6751,5218,,,450,788,97.24,121,4270,21,597,121665,14867.5607,576,359.901,1024007,7.39
0Dhhfzp9oEo,美国想用1000亿遏制中国科技发展？我反而很支持,"Jun 5, 2020",707.4569,4528,,,486,409,98.09,78,4009,29,738,111680,15771.6431,709,176.337,1668357,4.17
Xw66tSXQxTI,科技袁人LITE：“石油来自生物遗骸”是骗局吗？,"Apr 7, 2020",704.7116,3934,,,271,211,95.18,117,2308,31,1134,84754,15246.8436,1103,0.036,2419642,2.42
hbCl2Fl4HdM,三个指标看中国科技实力，哪些领域已赶超美国成为世界第一？,"May 14, 2020",674.3623,3573,,,436,784,97.33,83,3021,20,849,93519,15868.1555,829,173.088,1608086,3.54
pygkJRlyb6c,中国的核武器水平，在全球处于什么位置？说领先也不为过,"Aug 5, 2020",670.1203,5128,,,358,348,95.41,148,3077,26,801,136479,16251.5587,775,305.565,1521505,5.59
7AEwEnU-H4Q,❌如何理解钟南山院士说“新冠病毒不一定起源于中国”？,"Mar 5, 2020",666.762,5109,,,770,1097,93.45,254,3626,36,1543,121621,14648.3875,1507,29.379,2024207,3.89
GkOE4oDqDIQ,❌科技袁人：58岁完成数学难题突破？我又打开了高数课本……,"Nov 21, 2019",622.4533,3291,,,453,405,98.8,29,2397,19,739,66848,13091.6564,720,8.416,2224406,1.86
BtouC8qzcXk,科技袁人LITE：中国人均GDP将止步一万美元？基建狂魔不是白叫的,"Jan 25, 2020",604.0334,3359,,,268,202,94.12,80,1280,26,684,73599,12972.9458,658,158.562,2083091,2.18
IBsf0b8wHyo,在5G技术上，科技实力强劲的美国为什么落后了？,"Jul 16, 2020",584.754,4467,,,295,732,95.35,164,3361,35,1176,136230,15685.8728,1141,260.962,1997966,4.01
MTw537QkTrw,除了芯片，中国还有哪些技术，会被美国“卡脖子”？,"Aug 6, 2020",583.2661,4727,,,311,459,96.79,96,2899,17,717,124358,13740.5332,700,355.473,1554651,4.77
KpxLLkul9jw,与新冠病毒交战的这一个月，让我们为世界感到担心,"Feb 23, 2020",582.3563,4017,,,615,525,96.26,108,2782,28,1060,77212,10219.5894,1032,3.492,1149702,4.46
UnhSg5nocJk,为什么香港建科技城失败，但是合肥却成功了？,"Dec 2, 2019",560.36,3966,,,566,489,96.74,79,2346,16,920,93299,13518.0371,904,137.455,2018592,2.94
BMEZs1FoaH4,外国学者质疑夏朝不存在？国博考古院院长这么回答,"Sep 29, 2019",547.3479,4211,,,278,173,95.59,71,1540,19,1687,115583,15245.7882,1668,300.509,2433184,3.06
zuKynjq3TlA,碳基半导体突破瓶颈！中国能否打破美国芯片技术垄断？,"Jun 18, 2020",547.3362,5484,,,435,981,97.62,126,5161,30,1651,174099,14710.2817,1621,436.904,1825487,5.6
unewbxBMxgw,科技袁人：谷歌实现“量子霸权”，中国落后了多少？,"Oct 18, 2019",528.9664,4781,,,276,521,94.32,108,1793,36,1864,137693,15233.7455,1828,285.401,1908421,4.58
7hdvyumK9OI,中国掀起“去美国化”热潮，对世界来说，是件好事！,"Aug 12, 2020",516.4217,4716,,,481,439,96.8,147,4442,27,636,136818,12853.012,609,572.831,863444,8.59
krRr046j8Uc,科技袁人：美国登月造假的说法，被黑最惨的其实是苏联和中国……,"Aug 12, 2019",515.4213,2386,,,318,219,92.04,76,879,12,304,55599,11855.6087,292,0,902177,3.73
gdoM9f3e_Ok,科技袁人Plus002：想想美國為什麼怕華為，就能明白網絡攻擊會從哪下手！,"Aug 3, 2019",506.5606,2494,,,182,260,92.81,68,878,15,399,70703,14795.0389,384,128.454,1051196,4.02
kozvMg6360A,❌科技袁人：如果疫情无法遏制，最坏的情况会是什么？,"Feb 3, 2020",501.196,6866,,,668,1092,93.47,297,4251,107,3081,150248,10618.8928,2974,36.536,1659439,5.9
dNm_nHCzYIo,科技袁人Lite075：華為的“鴻蒙”，能帶領中國自助系統走多遠？,"Aug 2, 2019",486.8472,2140,,,147,306,95.48,55,1162,27,508,63122,13686.0389,481,96.328,1163555,3.23
2oRRGOWmgHY,科技袁人LITE：疫情将导致全球经济衰退，中国的自信在哪里？,"Apr 19, 2020",486.4754,3221,,,337,203,94.08,127,2019,36,645,75425,10994.3858,609,25.625,1419205,3.69
6rorWmxK1rc,对美国来说，中国带来的挑战远超过当年的苏联,"Aug 11, 2020",484.7609,4016,,,383,431,96.85,111,3411,22,478,100677,10859.6544,456,348.315,737911,8.07
A8KFVbLWBw8,❌科技袁人：中医在此次治疗中究竟能帮到我们多少？,"Feb 19, 2020",484.0292,3035,,,683,495,94.18,131,2119,14,630,58124,9064.5659,616,18.789,1224585,3.09
J6HUc_Cq7h0,科技袁人Lite071：在美國眼裡，華為不怕“極限生存”，才是最可怕的,"Aug 2, 2019",450.6581,2456,,,103,219,96.59,45,1274,15,337,52151,10146.5733,322,104.159,2530260,1.26
Mo3URa0EzhA,❌科技袁人LITE：海外同胞们，防疫真正的考验转到国外了,"Mar 8, 2020",442.8627,3456,,,453,305,97.47,64,2461,36,654,71920,8872.3378,618,18.51,1108363,4.11
wT4ia_48Pus,[SUB]中國至今沒有趕上美國的登月技術，原因只有一個,"Aug 26, 2019",439.4381,3028,,,297,193,94.95,85,1599,25,813,87892,11565.8141,788,0,1280844,4.29
 -RCTdvweWqA,美国突然要恢复核试验，中国该不该扩充核武库？,"May 26, 2020",437.4611,2822,,,490,142,97.65,53,2205,8,312,54053,8235.8202,304,69.666,1028393,3.54
2ajsaKpSWtM,芯片制造有多难？错失最佳时机，中国能否闯过这个终极关卡？,"Aug 7, 2020",419.9642,4393,,,506,459,97.13,126,4262,25,815,128458,10474.7896,790,585.305,1191462,6.22
ue_spfRwJ-o,❌科技袁人LITE：美国总试图卡中国脖子，这回却在发动机上让步了？,"Feb 28, 2020",413.3813,3776,,,365,208,97.75,58,2519,31,1142,86783,9136.1381,1111,192.434,1632704,3.44
gvTB4ehuX3U,❌科技袁人：我们仍未知道那天祖冲之是如何算出圆周率的,"Nov 4, 2019",406.1713,3272,,,721,339,97.96,90,4326,25,1331,90266,10955.4165,1306,39.968,1799959,3.13
V8hqZylFykA,胖五复射成功，中国火箭的“份量”赶上美俄了吗？|长征五号｜China's largest carrier rocket Long March-5 makes new flight,"Jan 4, 2020",404.9637,2830,,,228,239,96.66,68,1966,14,1265,104778,12816.2112,1251,148.867,2199245,2.88
RU96aEccBss,美国奥数总教练罗博深(下)：想在美国当学霸？先学会怎么给自己“增负”,"Aug 6, 2019",401.9032,3598,,,111,647,98.95,13,1222,8,1528,65512,7199.2692,1520,0,977305,3.95
byENqRdbe_M,中国火星探测什么水平，将一次赶上美苏几十年的历程？,"Jul 26, 2020",379.0815,3755,,,253,228,97.08,95,3160,23,629,108805,9555.1504,606,302.365,1248703,5.03
SkZPtCEWNcg,科技袁人：是时候了解下美国人是怎么登月的了！,"Aug 13, 2019",354.1995,2156,,,125,135,94.37,48,805,25,543,63081,9873.2268,518,75.097,1013744,3.85
qT9QP0Cx0f0,❌科技袁人LITE：“世界工厂”外迁是威胁吗？我们关注更重要的问题,"Mar 15, 2020",352.2723,2325,,,222,184,97.55,42,1669,16,440,52383,7700.633,424,17.687,1200428,2.82
mChxoKwMvtM,地球之外两个“宜居带”星球，为什么各国都选择探测火星？,"Jul 24, 2020",347.3831,3386,,,200,200,97.31,62,2240,14,674,92695,8118.707,660,253.955,1407517,3.63
O1DukRGsU08,探秘中国自主研发核电站，“华龙一号”如何保障技术安全？,"May 29, 2020",347.106,1853,,,112,125,98.86,15,1297,8,134,37559,6868.824,126,52.564,889483,2.6
32C2Ck4LXF0,中国GDP要超越美国，但不是靠“等美国跌倒”,"Jun 23, 2020",330.8028,3776,,,290,212,97.7,68,2894,23,427,91110,7006.6988,404,266.203,770867,7.21
onUUxNcVYnY,北斗推迟发射内幕：中国航天不怕“归零”,"Jun 30, 2020",326.8165,2410,,,223,207,98.68,30,2248,19,217,58553,7175.3183,198,116.767,988491,3.68
Cd-7ypH4EDU,科技袁人Plus001：美國如果要進行網絡攻擊，能讓中國“斷網”嗎？,"Aug 3, 2019",323.9502,1900,,,119,188,92.7,64,813,7,413,52978,9031.9667,406,0,850078,3.87
 -tkQODfq1_g,科技袁人Plus008：中國在材料領域會被“卡脖子”嗎？只要你脖子夠粗...,"Aug 4, 2019",315.9638,2077,,,138,191,95.48,50,1056,11,631,57524,8920.863,620,74.703,1007884,3.56
jKJDZKcfuVQ,❌科技袁人：全力防治疫情，那中国经济该怎么办？,"Feb 5, 2020",313.4081,3876,,,436,260,93.87,159,2433,73,1375,78105,6290.4176,1302,25.293,1324803,3.93
H5MZLg_q-_4,观视频答案年终秀: 袁岚峰｜李永乐｜毕导演讲完整版｜迎接中国科技领先的时代,"Dec 23, 2019",302.4658,962,,,83,145,97.24,17,598,7,136,17592,5702.6286,129,48.081,482231,1.89
OZ5GOjzqHx8,[SUB]有人觉得中国科技太弱，因为全世界除了中国只有一个国家：“外国”,"Aug 23, 2019",301.7327,2403,,,317,407,94.78,127,2306,32,1462,72747,8439.3855,1430,0,1105405,3.35
QJ72CmkrFJs,在工业软件领域，中国为何错失良机，给了国外垄断的机会？,"Jul 28, 2020",301.2526,2918,,,378,197,98.42,29,1810,12,286,67312,6142.8301,274,49.835,728189,5.27
nGIu9GtgWPE,科技袁人Lite056：中國發衛星，西方急了？看來這北斗系統是搞對了！,"Aug 1, 2019",297.1677,937,,,25,61,97.71,11,469,3,96,20561,6389.87,93,0,314861,3.79
dP9154cSVxw,“中国制造”的大机器停转，会发生产业转移吗？,"Feb 13, 2020",288.7457,2661,,,307,202,96.79,73,2200,27,585,51611,5526.8806,558,13.373,1018789,3.22
4nOYWMawvbY,科技袁理：英国论文让病毒起源又起争议，我和作者通了话,"Apr 17, 2020",279.2574,3476,,,774,967,96.57,137,3860,25,1438,94087,6933.5717,1413,30.34,971930,6.38
sAAtDKE0TAs,科技袁人LITE：丘成桐批中国数学史研究，我们还差西方数学多少？,"Jan 20, 2020",276.0842,1659,,,115,198,96.83,22,671,5,277,36665,5684.4256,272,91.124,869316,2.52
gHIKyixQ6Qo,耗尽芯片将无路可走？华为：我们的产品可以不使用美国器件,"May 11, 2020",259.2243,3027,,,402,459,95.91,145,3404,22,991,108614,7902.2568,969,197.161,1461458,4.46
rehoLlCL47c,为什么说在5G技术上，美国早已失去与中国竞赛的资格？,"Jul 17, 2020",252.2707,2878,,,188,321,96.51,84,2322,23,410,70758,5727.3383,387,150.122,760715,5.66
_7wHCK6tOnY,哈工大被美国禁用Matlab，危机可能刚开始,"Jun 15, 2020",252.0836,2982,,,273,104,96.2,65,1647,24,232,61649,4667.7606,208,145.069,670971,6.34
Z3XB4P2dVAs,金星和地球更相似，为什么要选择探索火星？,"Aug 14, 2020",245.0595,1257,,,102,32,98.02,15,742,4,35,24234,4577.9366,31,50.365,422203,3.53
PODCxhZ9iHI,中国率先公布新冠疫苗试验数据，可能对一半人无效，但比英美靠谱！,"May 30, 2020",240.2036,2880,,,275,618,97.3,86,3104,20,427,105762,6560.945,407,164.795,1012885,5.56
tdUCaWNkqis,❌2020年2月2日，抗击新冠病毒的战斗可能迎来转折点,"Feb 2, 2020",236.2716,2688,,,239,413,96.95,49,1557,25,357,46173,4015.0067,332,110.155,917649,3.22
sXWc0sDZ7Uo,这些领域只有中美竞争，因为其他国家怂了？,"Aug 8, 2020",235.345,3437,,,214,176,97.89,57,2641,7,474,79370,5095.6236,467,3.605,659800,7.6
 -wq9keiIpls,科技袁理：“世界工厂”要转移？对中国来说，谁能接盘不重要,"Apr 16, 2020",234.436,3528,,,312,302,96.35,99,2616,17,1285,100957,6264.3893,1268,212.427,1297146,5.32
O1J0Wz4bVUY,火星上不仅能种土豆，还能采矿石？,"Jul 25, 2020",233.5465,2298,,,108,91,97.87,35,1607,9,350,52926,5033.5437,341,156.469,740712,4.33
yOLDGs6Ntfg,科技袁人Plus012：可控核聚变？在黑洞面前也不值一提……,"Aug 5, 2019",230.9497,1763,,,99,85,97.19,18,622,6,343,43201,5800.656,337,56.038,690340,4.09
kJaHZQJ6yZw,❌科技袁人：我们正在犯下和日本宽松教育同样的错吗？,"Nov 12, 2019",223.5476,1704,,,658,379,96.8,67,2027,17,699,43286,6061.9453,682,16.191,1037494,2.58
cBz_hHBpuno,❌把放弃抵抗叫做群体免疫，这波操作真是厚颜无耻！,"Mar 23, 2020",218.8498,1662,,,440,269,98.08,41,2099,19,212,33155,4131.5059,193,9.693,845432,2.7
 -bUFIgkclbE,科技袁人Lite016：在魔法角度下石墨烯超晶格中的半充滿關聯絕緣體行為了解一下,"Jul 30, 2019",216.8202,1267,,,55,111,97.87,13,598,3,222,32968,5438.2106,219,0,587104,3.36
oDywjrrY6Ws,清华北大缺席重要科技项目，培养的人才都去哪儿了？,"Jul 15, 2020",216.1992,2220,,,400,166,94.89,101,1876,11,193,45029,4336.6175,182,41.253,639363,4.59
7u97_ygLw_E,量子通信、液态金属、可燃冰……中国领先世界的黑科技，你知道几个？,"Aug 25, 2019",215.1122,1252,,,102,209,97.14,26,884,17,355,36687,6128.4216,338,42.794,655518,3.43
HzA7JdvTtKs,科技袁人：爱因斯坦歧视中国人？是真的吗？,"Sep 18, 2019",213.4112,2153,,,158,79,94.92,33,617,9,416,54374,5230.1503,407,142.519,647973,5.34
Qob1iG0ho6U,印度某学者提出新型冠状病毒并非自然形成？猪队友还是别捣乱了吧,"Feb 4, 2020",197.5993,1891,,,242,202,92.65,72,907,38,220,34866,3277.1102,182,0,501930,4.57
f0-tV1k-jU0,科技袁理：美国抗疫靠舆论，中国才不做“替罪羊”,"Apr 18, 2020",196.8855,1594,,,334,263,97.58,44,1774,14,246,34646,4024.5133,232,0,634096,3.71
abLUo5ltLZQ,科技袁人：中国“工业党”是如何崛起的？,"Sep 4, 2019",190.4226,1440,,,179,133,97.48,25,969,18,371,37331,5168.246,353,71.182,657345,3.73
zBYTnAzzfNA,美国使出抗疫新手段，快速检测和免疫证书真是复工黑科技吗？,"Apr 23, 2020",189.1013,1801,,,204,208,97.69,37,1567,11,205,38096,3476.4171,194,2.135,522650,4.65
 -xdkrtwZ0xY,中国制造日：核能专场｜中核集团首席专家｜中广核集团｜袁岚峰主持,"Jan 1, 2020",187.5569,818,,,108,64,98.63,8,574,1,104,17976,3834.3334,103,31.576,512544,2.25
es7TgT1X27k,科技袁人：听说中国科学家挣钱了，我们就放心了,"Sep 28, 2019",184.5301,1385,,,188,306,98.11,22,1140,11,169,33207,4535.5902,158,95.422,540275,3.63
2BqT1kzSBW4,如果宇宙不源于大爆炸，那它又会是怎么来的？,"Dec 12, 2019",176.9399,731,,,80,39,97.49,11,427,5,75,14893,3764.6959,70,44.184,418423,2.21
3djkaFAnCqc,科技袁人：美国人觉得，自己和霸王龙有三个共同点,"Dec 15, 2019",173.5914,834,,,97,46,98.86,6,521,5,68,17376,3464.8032,63,41.499,438682,2.38
wPzgcD7nBEU,科技袁人Plus009：中國材料技術的未來，就來自於中國人的”智力紅利“,"Aug 4, 2019",172.4459,1240,,,60,145,98.01,15,737,5,327,34109,4845.565,322,43.47,568101,3.68
zK2gU7Omesk,❌【超强时间线】新冠记役，中国逆转的100天,"Mar 5, 2020",171.8338,2274,,,518,867,98.54,50,3368,27,660,48788,3546.2681,633,7.542,660760,3.79
 -hjULiPJP1U,❌带着全地球村希望的核聚变项目，要被中国承包了？,"Jan 16, 2020",171.5254,2590,,,357,105,97.06,61,2017,22,709,63442,4030.1793,687,29.368,839479,5.1
4tnDm4A3z9A,科技袁人Lite078：中國首次實現全光量子中繼，這又是什麼新神通？,"Aug 2, 2019",169.8156,1027,,,84,121,95.75,31,698,11,528,40324,6058.5078,517,37.727,699017,3.42
2XGEAADWBgo,看到圣母院大火，才知道中国在布达拉宫下了多少功夫｜中科大火灾科学国家重点实验室的王喜世老师,"Jan 2, 2020",168.9373,1418,,,86,62,97.59,19,769,4,237,26917,3320.8558,233,50.724,514103,3.62
s8Md5sgYyGA,美国抗疫靠“甩锅”，我们打得过病毒也要能打好舆论战,"Mar 28, 2020",164.3006,1169,,,372,168,97.73,40,1721,24,251,26767,3546.907,227,5.36,662812,2.83
NKxt184nJlI,科技袁人Lite070：如果大型對撞機不該建，那麼建什麼隊中國科技更好？,"Aug 2, 2019",157.2271,708,,,114,48,92.97,26,344,4,101,18709,3915.5196,97,29.769,316409,3.63
CnbWG2XPyCM,以发SCI期刊论文为目的的科研？我们中科大有话说,"Feb 26, 2020",153.4031,1328,,,192,102,96.74,30,891,10,246,27226,2963.9715,236,24.878,689524,2.63
e06TsQsMsKM,14岁参加高考，最大的意外是那年数学太简单了！,"Jul 6, 2020",150.9415,1250,,,174,56,98.42,16,997,12,62,23406,2921.836,50,45.961,450858,3.32
ksi7TlUF_i8,科技袁人Lite074：袁老師被今年高考的一道數學題難住了誒,"Aug 2, 2019",150.6066,806,,,60,49,96.09,9,221,4,80,18608,3622.8998,76,19.836,362045,3.26
ppwP2DCD4ag,打破俄罗斯航天垄断，SpaceX让美国成功逆袭,"Jun 5, 2020",150.1672,1423,,,111,42,95.96,31,736,6,53,27176,2499.6165,47,6.565,596988,2.89
Q_XHB-w0Svo,科技袁人：关于武汉新型肺炎疫情，我们有些话想对你说,"Jan 24, 2020",148.716,3008,,,467,248,95.34,118,2413,19,490,59016,2770.7347,471,5.474,739135,5.41
SG7IphyyGt4,科技袁周虑：临床试验同步展开，中美疫苗有什么不同？,"Mar 26, 2020",145.2058,1357,,,124,185,98.5,24,1576,13,179,32036,3216.6921,166,7.104,803495,2.87
LI_IFT--0N8,中国制造潜藏危机，工业软件缺失可能成为“断”命之板？,"Jul 30, 2020",141.608,1935,,,355,236,98.47,31,1995,7,243,50490,3088.4611,236,92.816,585939,4.67
UWBT8Be17HA,中国制造日： “基建狂魔”与一带一路｜金灿荣｜中铁集团｜智能驾驶｜第一集,"Dec 31, 2019",140.2301,835,,,118,47,97.45,12,459,5,141,17564,2775.4861,136,30.415,304408,3.77
VkIvR3YF_2c,❌躺倒大自然：人类要发展，那“新冠病毒”就是命中注定的,"Feb 2, 2020",138.1301,1442,,,165,120,94.85,45,828,13,165,25941,2284.0376,152,13.033,406661,3.99
WnYhf0_OfZU,8000年前中国人：我这有酒也有故事，你们自己挖吧,"Oct 3, 2019",135.5891,1024,,,63,52,98.59,7,488,7,156,24391,3352.916,149,65.729,434154,3.57
smtZY_8B2D0,科技袁人：不发展好科技，连中国自己的历史都只能任西方来解释,"Sep 24, 2019",127.609,960,,,58,56,97.76,14,611,7,110,23855,3230.2828,103,75.864,304007,5.07
xMXS98as_do,量子密码绝对安全吗？相比传统密码术，它到底强在哪里？,"Jul 31, 2020",127.1467,1258,,,69,97,98.46,16,1024,12,59,29934,2573.4608,47,114.555,475951,3.63
I7uRvE9uMDk,如何理解三个宇宙速度？为什么一定要超过它，才能飞出地球？,"Jul 29, 2020",126.8491,1095,,,63,67,98.54,13,878,5,88,21607,2360.5302,83,53.632,347606,3.69
B_Ewpe4LiLU,胖五B首飞创纪录！中美俄开启三国争霸模式,"May 9, 2020",126.1106,1522,,,121,55,96.83,41,1251,8,154,41713,3402.6089,146,81.442,582936,4.85
hie7K4pcIdo,美国登月：举国体制，政治挂帅，技术大跃进……,"Aug 18, 2019",123.4852,942,,,51,43,96.81,12,364,7,91,20579,2713.9827,84,0,275417,4.69
71JyWuw1Ddg,氢弹为什么是最强核武器？和原子弹比，它的威力到底有多大？,"Aug 4, 2020",123.309,2364,,,134,179,97.22,41,1436,10,177,72703,3368.0475,167,100.329,696840,6.09
grypColIsFY,❌究竟什么时候确认新型冠状病毒“人传人”，应该有人说清楚,"Jan 31, 2020",123.1437,1844,,,351,185,96.59,56,1584,14,359,35108,2229.7314,345,18.998,690215,3.44
vUWuHeu34p4,❌袁老师：肺炎疫情成国际突发公共卫生事件，对中国影响多大？,"Feb 1, 2020",120.4657,1458,,,152,183,97.07,31,1028,8,187,26321,2129.2709,179,3.551,487374,3.38
JTgkF8JI9Pk,❌科技袁人：四大发明究竟是“科学”还是“技术”？,"Oct 10, 2019",117.5884,883,,,237,70,98.58,16,1113,6,201,20768,2629.7339,195,8.334,361448,3.54
mBVXcZdP8xo,科技袁人Lite010：竟然真有人认为中国没有哲学大家？我一个化学博士都坐不住了,"Jul 22, 2019",117.2511,1078,,,160,87,96.25,23,590,6,253,26620,2895.2668,247,0,396642,4.3
FIgBpwRSC7s,科技袁周虑：经此一“疫”，机器人留给快递小哥的时间不多了,"Feb 10, 2020",116.7437,1422,,,110,104,96.5,22,607,7,97,23627,1787.9637,90,8.544,486404,3.09
3iXE9zrJN0s,科技袁人Lite061：回顧中國氫彈研發歷史，于敏是其中舉足輕重的一員,"Aug 1, 2019",115.7119,420,,,28,29,98.24,4,223,0,29,8532,2432.8868,29,0,137515,3.73
F2WmLhTviKQ,Ep1：胖五前两次发射失利原因及遥三发射流程｜主持人：袁岚峰老师｜嘉宾：周炳红老师,"Jan 9, 2020",115.6124,767,,,43,28,98.31,7,408,6,87,17561,2513.6609,81,34.95,494435,2.25
e0kHTA-aKP8,科技袁人Lite067：在這條路上中國已經落後了一百年，但或許是時候超車了,"Aug 2, 2019",114.4442,533,,,21,40,99.28,2,275,2,33,12276,2522.1582,31,20.352,151316,5.03
i74Q4eC55cs,防御小行星撞地球出新招，中国科学家如何“以石击石”？,"Jun 3, 2020",111.5397,755,,,104,23,96.69,17,497,7,19,13739,1906.1161,12,20.293,365863,2.42
L4PScuGfJc8,科技袁人LITE：人群中的无症状感染者，会怎样影响疫情？,"Apr 10, 2020",107.6559,917,,,96,220,98.61,13,925,7,99,18203,2035.1275,92,7.792,387118,3.18
6RIyJOaOzLQ,科技袁人Plus007：美國對科學家的“重視”，愛因斯坦早就體驗過了,"Aug 4, 2019",103.2303,602,,,22,24,94.76,10,181,2,65,15597,2583.8211,63,16.218,330335,2.94
 -FR453TmDwA,从禁戴到抢购，不戴口罩是真傻，不让戴口罩就是坏！,"Apr 25, 2020",101.9084,1132,,,171,149,99.23,9,1162,13,75,23411,1876.3336,62,1.943,355923,4.18
QXqVg1Q28N8,❌“科学”究竟伟大在哪里，是如何从人类史上五花八门的其它方式之中脱颖而出，成为我们赖以生存的解释世界方式？,"Oct 31, 2019",99.6823,1000,,,287,111,98.57,16,1100,12,293,23637,2395.078,281,5.587,399501,3.82
tRWY-fLhX0s,躺倒大自然：雨林大火？环保游行？中国：赶紧种颗树压压惊,"Oct 4, 2019",98.7859,624,,,81,32,98.58,6,418,7,95,15289,2487.0233,88,28.879,401111,2.41
3eHq4t370HI,科技袁人Lite008：终于懂什么是gong匠精神了，那边的日本朋友可以抬起头了吧,"Jul 22, 2019",95.488,823,,,113,93,97.29,16,574,5,172,23470,2597.2554,167,19.637,354070,4.16
qP7F6sss1KY,双十一数据造假？学好统计学你就明白了,"Dec 1, 2019",95.4654,689,,,86,39,96.6,15,426,5,80,11913,1682.5153,75,39.149,296501,2.73
VXotXNejm7I,科技袁周虑：胖五作为运载火箭，到底送了什么上天？｜长征五号,"Dec 31, 2019",92.6149,979,,,65,28,96.8,17,514,15,157,24908,2198.0015,142,47.576,393236,4.19
cXXZ5t6_XC8,作为资深学霸，我竟然输给了自制力测试,"Jun 10, 2020",90.3848,1159,,,66,52,98.37,11,665,8,58,19825,1452.5731,50,6.871,437305,2.92
vI_aDlqVV3E,❌科技袁人：红十字会要反省的，不是给了莆田系几个口罩,"Feb 15, 2020",89.9548,1133,,,218,41,95.34,38,778,14,123,19063,1465.3433,109,5.431,317976,3.89
BysG9Fev2FM,想要停止焦虑？｜相比于2003年非典，一起看看这次疫情里我们的进步。,"Jan 30, 2020",88.8751,1101,,,92,51,92.31,37,444,5,119,16410,1259.3212,114,6.127,315950,3.71
B-XqNAtZUm8,科技袁人：对付新冠病毒，为什么普通人不需要喝双黄连？,"Feb 2, 2020",87.2929,1435,,,135,107,98.43,10,625,14,153,21809,1317.7896,139,7.077,378829,3.75
q54MguThEYI,❌新型冠状病毒口服疫苗是咋回事？,"Mar 3, 2020",86.2411,889,,,48,38,95.85,18,416,10,59,15942,1400.2576,49,3.978,298827,3.65
DUK_pe1O7zU,美国另一场肺炎的源头，也会甩锅给中国？,"May 4, 2020",81.2241,1003,,,138,42,96.19,26,657,14,22,20195,1514.3666,8,4.51,250105,5.85
boS-LSFd33Y,科技袁人Lite059：中美俄英法最大的共同點是什麼？都是五常和都有氫彈,"Aug 1, 2019",80.4592,426,,,19,15,99.01,2,200,2,26,9846,1778.2381,24,0,115420,4.93
C3EJDMIUWD0,相对论验证有多曲折？爱因斯坦去世20年，美国人才搞定,"Aug 10, 2020",76.7414,1045,,,45,61,97.21,16,558,6,21,21786,1396.9762,15,34.874,314418,3.92
YKF0lK44ltU,中科大生命科学院执行院长：生物视觉方面的真正“世界级”科普！,"Aug 23, 2019",73.4242,504,,,63,187,98.53,5,334,1,84,12230,1814.1444,83,15.467,252584,2.96
QmqDZHJkLyY,真正专治各种“疑难杂症”的，原来是心理学,"Jun 24, 2020",72.7411,801,,,80,112,99.01,7,703,8,31,12896,1063.7892,23,13.437,265072,3.05
a9jjKLs8LlA,❌为什么会有人故意隐瞒病情？是反社会性人格吗？｜心理学分析｜唐义诚老师,"Feb 12, 2020",71.5877,1016,,,128,118,98.57,13,899,15,229,17033,1126.3041,214,4.095,199025,4.87
3Srl1nG6hs0,❌Ep3: 中国航天的艰难旅程｜主持人：袁岚峰老师｜嘉宾：周炳红老师,"Jan 11, 2020",69.2885,405,,,32,13,98.2,4,218,1,22,8251,1463.8076,21,10.566,237932,2.17
1oIEC5oIX9s,游戏打得不好更容易网络成瘾，吓得我赶紧放下了手机,"Jun 19, 2020",68.5631,544,,,70,59,98.74,5,393,7,12,8280,886.9582,5,15.864,236035,2.11
Ug_pJnKowAg,为什么我们热捧爱因斯坦？是中国人民太想进步了,"Sep 19, 2019",68.4099,607,,,44,27,96.63,10,287,3,63,13687,1577.5675,60,33.221,205554,4.2
zr1a0iPXoUk,❌科技袁人: 关于大型对撞机之争，别把科学讨论变成人身攻击,"Dec 19, 2019",68.1068,653,,,129,44,97.25,18,637,4,71,13514,1373.0008,67,50.041,273305,3.21
CeQuCbBi-To,科技袁人Lite060：當你擁有氫彈，你就可以改變世界,"Aug 1, 2019",67.3951,376,,,9,12,99.48,1,192,1,31,8694,1509.2004,30,19.185,100935,5.53
d_O464LFaGc,中国发现新型猪流感病毒，传染病又将引发大流行？,"Jul 14, 2020",66.7225,812,,,53,43,98.74,8,626,6,19,16119,1189.0655,13,10.756,268276,3.89
UenZukxHZfE,[SUB] 未来中国需要的医生，既应该懂医学，更要能通理工,"Aug 29, 2019",66.0971,494,,,53,106,96.51,11,304,6,59,11003,1340.2605,53,11.135,257380,2.68
QsSknRh2WeU,科技袁人Lite027：不是無腦吹就是低端黑，到底能不能好好聊聊中國科技？,"Jul 31, 2019",65.4634,469,,,61,60,98.96,4,381,1,66,10513,1497.3257,65,23.92,184419,3.6
T3jvnQ2oRcw,科技袁人Plus005：愛因斯坦對科學有多重要？能給他發獎其實是諾貝爾獎的榮幸,"Aug 3, 2019",65.0969,331,,,6,11,91.01,8,81,0,7,5958,1289.5982,7,11.023,99126,3.81
ZWNafy7mqt4,茶话会：袁岚峰｜李永乐｜毕导｜和小朋友们比赛答题,"Dec 24, 2019",64.3603,257,,,17,19,97.04,5,164,5,30,5267,1261.6469,25,0,211884,1.44
G-J7HS-pEzQ,❌科技袁周虑：恢复期血浆成为新冠肺炎“救命良药”？先别高兴得太早,"Feb 19, 2020",64.1428,748,,,66,29,96.85,14,431,7,38,14350,1076.7436,31,3.423,249347,3.7
A3907AJpiLs,❌Covidiot：只要我主动感染，病毒就无法困扰我,"Mar 31, 2020",63.7363,1078,,,111,117,98.53,13,874,6,83,22248,1176.3875,77,3.273,313811,5.03
jujD0HbHvzs,Ep5：胖五成功发射与动态追踪｜主持人：袁岚峰老师｜嘉宾：周炳红老师,"Jan 13, 2020",63.0563,275,,,25,25,98.4,3,185,2,20,5362,1324.027,18,4.328,173172,1.97
qNDfFI2mhgU,科技袁人Plus003：愛因斯坦小時候有道題沒想通，想著想著就改變了物理,"Aug 3, 2019",60.9198,369,,,6,20,94.5,6,103,1,19,7581,1232.9977,18,12.021,139183,3.42
oErHP_sDxrY,长征七号发射失利｜在星辰大海的征途上，我们不害怕失败,"Mar 25, 2020",60.8462,1034,,,88,34,98.51,12,793,3,79,21805,1300.9363,76,46.194,411014,3.8
yaRrcxKe4xc,亚铁氰化钾有毒？食盐不可怕，谣言才可怕！,"Jun 29, 2020",59.8775,514,,,100,30,98.92,6,549,3,17,10007,1070.1102,14,18.599,219630,2.78
T5XBM5YxBaY,❌Ep2: 中外航天失败经历及火箭技术差距 ｜主持人：袁岚峰老师｜嘉宾：周炳红老师,"Jan 10, 2020",59.8144,476,,,29,14,95.8,10,228,5,28,10114,1244.4514,23,13.926,210483,3.05
UTU_NGa8IIs,美国官方公布UFO视频，是外星人还是黑科技？,"May 6, 2020",58.6601,670,,,85,38,94.75,19,343,6,36,12680,1147.8962,30,17.911,200548,4.41
jDBD2CkutZs,科技袁周虑：“试剂盒”成抢手物资，为什么新冠检测离不开它？,"Apr 8, 2020",55.9831,537,,,78,74,99.42,4,687,3,38,11431,1112.0888,35,2.395,217439,3.73
BDCY86KMBQg,科技袁人Lite006：中国有些教授竟然觉得造银河计算机没用，我都惊呆了,"Jul 22, 2019",54.4698,680,,,94,52,97.39,13,486,6,140,20254,1508.0794,134,8.562,343288,3.91
LQ4458tloLU,中国制造日：船舶与航海设备制造专场｜中国船舶集团｜中国科学院｜袁岚峰主持,"Jan 4, 2020",52.7438,486,,,31,16,99.62,1,261,7,24,10298,1073.2557,17,16.947,233056,2.91
WsXZ0dPFXj4,❌科技袁周虑：朋友们，想为新冠疫情出一份力？有电脑就行！,"Mar 10, 2020",51.7592,579,,,53,28,96.93,13,410,5,27,10856,938.5429,22,2.227,273519,2.63
sCWgkff89Po,❌科技袁周虑：你这四人旅游团不错哪家的？Space X……,"Feb 26, 2020",50.8435,599,,,30,22,96.94,9,285,5,11,9975,822.6273,6,10.4,230138,3.01
ix4bwn6uLEs,科技袁人Plus010：參與了首張黑洞照片拍攝的科學家——袁葉飛，如何解讀這張照片,"Aug 4, 2019",50.7184,344,,,23,10,96.83,4,122,3,26,7468,1069.4101,23,11.753,220635,2.17
EK3uDQiZBek,防疫最大的风险，不是回国学生，而是对境外人士的特殊化待遇,"Apr 24, 2020",50.0727,637,,,109,26,98.38,11,670,10,20,12810,949.5125,10,3.748,203413,4.3
vkk-0VdJmAU,科技袁人：中国的四大发明不能算“创新”吗？,"Sep 27, 2019",49.7437,455,,,85,15,96.6,10,284,8,24,9438,1148.7154,16,26.347,194066,3.24
nzwUd17bVZ8,科技袁理：疫情起源成甩锅大赛，病毒有可能是人造的吗？,"Apr 13, 2020",48.6658,944,,,178,107,96.32,36,941,11,67,19148,948.2306,56,4.885,208139,6.65
lEDJRHkBOwY,呼吁表忠心的亚裔美国人，是真的“忠诚”外国吗？,"May 7, 2020",46.0996,815,,,181,67,96.5,26,717,10,41,14998,808.2792,31,25.005,185674,5.41
kl530-5h918,地月拥有相似“指纹”，科学家如何验证大碰撞假说,"May 27, 2020",46.0365,544,,,49,15,99.13,3,340,3,10,9803,798.8986,7,22.277,247519,2.66
K_G81-mCaNI,"科技袁周虑016：”伽利略“導航掛了？中國”北斗""真的等不了歐洲了","Aug 3, 2019",45.8337,594,,,21,19,96.54,11,307,5,118,17460,1318.0329,113,0,249558,4.6
jLA4y_rpvQs,疫情五问五答：想要防范疫情？先弄明白链式传播,"Feb 1, 2020",45.1958,730,,,118,102,98.26,10,565,4,69,12061,703.2936,65,4.685,260184,2.95
KcgqrcoYavI,科技袁人Lite001：去美国NASA访问，才听说中国人2020年都要登上火星了,"Jul 22, 2019",43.6622,908,,,50,47,97.47,10,386,11,211,22821,1170.1658,200,37.579,359844,3.5
wQ79OImMq1U,詹姆斯·皮布尔斯等了50年终获诺贝尔奖，而我们的征途才刚开始,"Oct 16, 2019",41.1671,362,,,56,11,97.87,5,230,3,28,7144,871.0534,25,19.389,157533,2.93
ECCaHK9uKW8,同样是发现恒星级黑洞，中国用的望远镜有什么不同,"Dec 14, 2019",40.4974,366,,,32,15,98.08,5,255,2,18,7902,836.6135,16,19.754,159036,3.06
shWlBEyggFI,科技袁人Lite011：霍金離開了，比起去爭論他有多偉大，更該了解他為我們留下了什麼,"Jul 29, 2019",40.3091,260,,,17,19,98.4,2,123,1,15,4875,786.5058,14,0,87729,3.33
2LqJ5FpvOdU,科技袁人Lite034：什麼叫強共識？比如：數學特別有趣,"Jul 31, 2019",39.7818,104,,,4,9,97.44,1,38,1,8,2024,675.8587,7,0,34281,3.55
hQzzsetbnYE,填补生命起源缺失环节：中国科学家发现海洋热液中含有“氮气”,"May 15, 2020",39.3573,493,,,56,29,99.01,5,501,6,29,11307,824.6,23,26.559,243894,3.03
Y-LcFYd3yrM,科技袁人：考古和盗墓的差别，比文物的真品和赝品差别还大,"Sep 23, 2019",39.2709,349,,,32,25,97.33,6,219,2,25,8029,974.6676,23,22.036,166158,3.1
zNHypOkE87U,中国制造日：航空航天技术专场｜中国科学院院士曹春晓｜中国航天科技集团｜张宇识主持,"Jan 2, 2020",39.1731,313,,,53,23,94.94,8,150,0,15,5776,819.913,15,8.799,137060,2.81
36_cM_3vQ2A,科技袁周虑：印度人的发明，总能给我们带来新花样,"Dec 13, 2019",37.9302,349,,,34,11,94.65,10,177,6,27,7293,813.3224,21,19.8,129741,3.61
histJBvhUss,“世界难题”迎来重大突破，秃头有希望被治愈,"Jun 8, 2020",37.9101,590,,,46,40,95.34,17,348,2,8,10118,637.5067,6,20.415,196159,3.69
BV0ZwCg4iYE,拿黄金钻石研究石头，科研才是炫富的最高境界,"May 21, 2020",37.508,445,,,41,19,99.15,3,350,3,9,9031,684.2497,6,18.367,219292,2.69
f86g3k4Np-4,除了人，还有哪些生物也没能逃过新冠病毒？,"Apr 26, 2020",36.6824,635,,,82,35,98.13,9,472,5,23,11071,618.7588,18,3.923,182812,4.3
tcmcTkNySf4,躺倒大自然：看似温柔的家猫，其实是“万山之王”,"Sep 4, 2019",36.4796,292,,,66,34,84.29,22,118,3,18,6500,858.0345,15,11.947,147695,2.89
4WHs7dRe71I,科技袁周虑：马桶上装摄像头？这是人性的扭曲还是道德的沦丧,"Apr 14, 2020",36.4556,427,,,46,26,96.14,10,249,7,7,7784,632.7011,0,10.615,166803,3.08
f_3zGiLiiyg,看完这集，我竟没有信心躲过渣男,"Apr 29, 2020",35.7481,600,,,90,69,96.65,15,433,9,22,10818,599.581,13,19.874,168555,4.31
r_HI21X1bNk,唐义诚：“甩锅”是一种自卑的表现，@特朗普,"Apr 8, 2020",35.7037,509,,,76,52,97.69,14,592,5,25,9922,640.392,20,1.853,154549,4.55
bTsDowe6Lnk,❌科技袁周虑：美国开始用AI打骚扰电话？@台湾省，你们需要技术革新了,"Dec 30, 2019",34.7893,458,,,58,17,97.7,7,298,8,43,10074,747.6735,35,19.926,143276,4.4
I0xgEPctyMQ,科技袁人PLUS：国内疫情接近尾声，为什么依然有人忧心忡忡？,"Apr 15, 2020",34.4824,601,,,97,46,94.62,26,457,8,19,11705,639.2541,11,2.816,135584,6.3
6pLBtTErmJo,科技袁周虑：乌鸦，一种真正脱离了低级趣味的生物,"Sep 12, 2019",34.3448,454,,,27,14,97.29,7,251,4,49,13415,1055.1874,45,37.75,171695,5.32
vpMpl3H_4Bc,科技袁人Lite063：中國科技進步了很多，但是不”充錢“真的沒法變強,"Aug 2, 2019",34.2499,234,,,16,9,98.37,2,121,2,12,5577,783.1344,10,12.438,77302,4.54
TDNCgzIVtbI,虎门大桥会被风吹倒吗？80年前的科学家遇到过同类问题,"May 20, 2020",33.6877,435,,,52,37,97.54,10,396,4,17,9595,731.4303,13,18.752,198378,3.08
pEu5bJ1suHs,❌科技袁人：灾情之后，旁观者和亲历者，谁的心理压力更大？｜人经历过最残酷的灾难，心理会变怎样？,"Feb 18, 2020",33.6464,550,,,77,81,97.54,12,475,5,35,9648,518.0478,30,2.35,155951,4.06
j_QJpqDWbDc,纪录片导演讲述在印尼喂鲸鲨的经历，我酸了......,"Jun 6, 2020",32.7338,519,,,48,13,98.66,5,367,6,9,9924,606.0568,3,14.966,243686,2.71
f0N_Fi6ZnB8,科技袁人Lite005：他们也到处讨钱，他们也吵架生气，他们也爱听鸡汤，他们拿诺贝尔奖，他们是科学家袁老师小议引力波 下,"Jul 22, 2019",32.7276,343,,,8,24,97.58,3,121,2,24,7604,789.2568,22,0,274416,1.78
XRq3KQZp7yY,cos谁就会成为谁，着装对人的影响竟然这么大！,"Jul 1, 2020",32.4304,380,,,84,38,96.94,12,380,13,12,7893,587.4509,-1,3.283,178945,2.6
SvZOQbS8z7k,用着和我一样的设备，NASA科学家在家探索火星,"Apr 20, 2020",31.5623,373,,,39,32,97.49,7,272,4,11,8701,651.959,7,0,220162,2.68
LeleCwWs47M,中国制造日：从图灵测试到智能物联——信息技术与人工智能专场｜中国移动｜中国民航｜咪咕音乐｜广汽集团｜安徽淘云科技,"Jan 5, 2020",31.5268,222,,,16,18,96.46,4,109,4,17,4485,483.6302,13,7.988,118806,2.44
IYY6oXnebx4,三种中国转基因作物将获批，@崔永元 怎么看？,"Jan 9, 2020",31.1624,425,,,89,8,89.64,20,173,3,16,7627,574.6763,13,0,129543,4.1
hk27Xfshr54,科技袁人Lite072：有人相信“水氫發動機”？你們對能量一無所知,"Aug 2, 2019",31.0026,167,,,12,10,96.74,3,89,0,15,4066,657.1932,15,5.91,64399,3.89
KU9n36qCmfo,❌科技袁人：对李文亮医生最好的纪念，就是战胜疫情,"Feb 7, 2020",30.4466,934,,,352,143,94.17,64,1034,10,68,14463,470.1803,58,6.488,212170,4.51
Ifiqs6VHAgc,14岁那年我来到中科大，从此这辈子就和科学分不开了,"Aug 23, 2019",30.1265,336,,,87,57,99.47,2,378,8,66,8541,704.1915,58,12.296,194599,2.43
krA93g1XyQs,和别人家的孩子比，爱因斯坦的儿子也不及格？,"Aug 9, 2020",29.9841,529,,,33,17,98.19,6,325,4,5,9768,518.6504,1,16.949,198312,2.79
yxYXMjNo0Dc,用科技教你“开外挂”，100%进球超能力了解一下,"May 18, 2020",29.3547,339,,,40,14,97.89,6,279,4,17,5859,523.4519,13,1.317,140708,2.77
ZZoj4K8s19w,科技袁人LITE：把放弃抵抗叫做群体免疫，这波操作究竟如何？,"Apr 17, 2020",29.1585,563,,,76,101,98.1,12,618,7,39,11298,567.7917,32,3.331,191574,4.14
YBlYh39gVtI,剑桥论文引发新冠病毒起源热议，我们向作者提了几个问题,"Apr 22, 2020",28.4622,295,,,50,155,99.43,2,351,3,33,6282,655.412,30,8.746,153109,2.3
Q7Q79l1avX0,科技袁人Lite002：搞科研中文有时不如英文，有些人就想出来要废除汉字？,"Jul 22, 2019",27.6896,302,,,31,29,97.88,4,185,0,24,7044,668.5047,24,0,211956,2.12
OF9wIs4wpa0,当你收到差评，这才是正确的反击方式,"Apr 22, 2020",26.2812,421,,,104,44,97.2,17,591,3,28,7188,401.6614,25,5.167,128950,3.8
qOZdg_VxELI,科技袁周虑013：中國空間站首批合作項目公佈啦，當然有個國家肯定不來！,"Aug 3, 2019",25.9631,249,,,18,7,95.65,7,154,1,27,7162,740.6679,26,3.988,153738,3.14
sycs7-Y9UVg,靠挖地三尺和火山喷发，地质学家搞个研究样品也太难了,"May 13, 2020",25.8416,325,,,42,15,99.05,3,314,2,10,6463,522.1062,8,12.176,173651,2.39
WbB-hvLk38w,科技袁人Lite036：三十年，中國工業軟件從欣欣向榮到潰不成軍,"Jul 31, 2019",25.783,148,,,28,23,96.61,4,114,1,19,3766,646.3095,18,0,44496,5.21
0vQ9BOiUTFw,科技袁周虑005：蘋果都想著從華為手裡買芯片，美國還能重新偉大嗎？,"Aug 3, 2019",25.4325,199,,,25,3,94.71,9,161,2,52,6470,735.9535,50,0,83367,4.93
1pUbPPLd7H0,科技袁人Plus004：愛因斯坦：自學小提琴，設計過冰箱，還愛開帆船....,"Aug 3, 2019",25.2432,158,,,10,16,90.74,5,49,0,7,3274,547.8561,7,6.174,78318,2.68
wMZZR238Y1U,科技袁人Lite065：量子通訊有多安全？我覺得默克爾可能需要整一個！,"Aug 2, 2019",25.0207,139,,,8,9,98.21,1,55,0,14,2847,481.0733,14,6.89,64434,2.64
8VUoc70K4T0,科技袁人Lite009：为什么那些看朋友圈治绝症的人都好了？大概是其余的都发不了微信了吧……,"Jul 22, 2019",24.8289,256,,,13,14,99.11,1,111,0,22,5841,548.2536,22,9.828,99028,3.69
dH8Zk0LOwlI,捕杀狮子摆拍的是你们，保护动物要死要活的也是你们……,"Sep 25, 2019",23.5914,267,,,56,4,86.42,22,140,6,11,5960,501.2652,5,5.819,99205,3.76
OJoA9pRaumk,❌科技袁周虑：声音也能造假？为了让你打钱，骗子都开始研究高科技了,"Apr 2, 2020",23.5806,243,,,24,22,98.98,2,194,10,6,4932,466.5436,-4,5.326,140254,2.4
wN7P3bKlrZU,专业团队带你逛动森博物馆，奇怪的知识又增加了,"May 19, 2020",23.4067,213,,,26,19,99.12,1,112,5,4,2789,249.4649,-1,3.816,100081,1.81
1SkRTPBTwe4,科技袁人Plus006：愛因斯坦也想不通這個問題：人類為啥總相互殘殺呢？,"Aug 3, 2019",23.3564,180,,,6,5,97.92,1,47,1,3,3459,505.4448,2,7.471,71069,3.3
ZLiyrxq2qjo,科技袁周虑：NASA给每个人送了一份生日礼物，你查收了吗？,"Apr 7, 2020",20.4131,344,,,30,17,99.03,2,205,7,14,6854,401.6644,7,11.593,128482,3.63
HSktbdSSisA,科技袁人Lite023：今天我們來講講聯想的5G投票，Lenovo本來應該和Huawei一樣重要,"Jul 31, 2019",20.0729,66,,,4,5,96.67,1,29,0,4,1097,335.1333,4,0,22600,3.09
XQcHoc_Gy-I,科技袁人Lite076：屠呦呦團隊證明了，青蒿素還能”再戰五百年“,"Aug 2, 2019",19.7236,133,,,5,15,100,0,66,0,10,2706,403.7433,10,2.883,55506,3.15
sSR3tH9BUxM,科技袁人Lite066：量子密碼就像不敗的堿法，但有時防不了別人掏槍....,"Aug 2, 2019",19.1919,122,,,6,2,100,0,56,0,6,2261,371.7645,6,0,49878,2.7
cvMIiExheao,躺倒大自然：长在天山上它是雪莲，采回家它只能泡菊花茶,"Aug 12, 2019",17.935,136,,,20,14,99.21,1,125,0,13,3776,455.64,13,0,139108,1.61
OwiWWVHI7ZE,催眠状态更易激发创造力？听说科学家们都这样找灵感,"May 26, 2020",16.9922,219,,,22,8,96.6,5,142,0,4,3677,278.207,4,0.499,126033,1.92
ikV9-RzD6Uo,躺倒大自然：人在墨脱，刚进森林，蚂蟥太多，晕了,"Dec 11, 2019",16.7545,142,,,40,11,99.29,1,140,4,14,3738,474.2755,10,7.918,97964,2.27
T_3n9vDQGOA,科技袁周虑：坏掉的机器人怎么办？机器人：没事，我自己修,"Jan 17, 2020",16.7134,161,,,16,10,100,0,83,6,3,2472,256.4134,-3,2.055,94123,1.62
E2JlphWAw6U,科技袁人Lite004：中国的量子卫星究竟什么水平？也就比日本少用了99999999个光子袁老师小议引力波 中,"Jul 22, 2019",16.6089,256,,,10,21,96.69,4,117,1,41,6369,438.4943,40,12.031,229349,1.93
HfkIL1mUSjE,微软悬赏10万美元求黑，找漏洞也能发家致富？,"May 12, 2020",16.476,213,,,20,3,98.01,3,148,3,2,3861,264.6588,-1,6.18,116090,2.15
h6xB5koG0gY,科技袁人Lite003：理解引力波很简单，只需要你先搞明白爱因斯坦的相对论……袁老师小议引力波 上,"Jul 22, 2019",16.3046,181,,,9,18,96.67,3,87,1,19,4387,435.7035,18,9.272,225867,1.3
7hqJlXcg5lw,中国制造日：能源与电力专场｜石油与电力｜国家电网｜中国南方电网｜海洋石油工程｜中国石化｜大庆油田,"Jan 3, 2020",16.2981,155,,,32,10,93.83,5,76,3,10,3315,352.3784,7,5.329,106764,2.09
kZmhxaTGDtk,"科技袁人Lite013：中國網速不如阿富汗？為了黑中國，“人均""大法又來了","Jul 29, 2019",16.1331,121,,,8,5,97.78,2,88,0,4,2469,327.4905,4,0,51701,3.01
9jQd0HgrJg4,Ep4： 我有问题问大佬｜主持人：袁岚峰老师｜嘉宾：周炳红老师,"Jan 12, 2020",16.0415,177,,,7,10,96.51,3,83,4,3,3636,313.0101,-1,9.364,121097,1.89
LxfbgUFZAAg,科技袁人：马斯克炸掉3.4亿的火箭只为搞营销？还是SpaceX会玩,"Feb 16, 2020",15.5984,458,,,38,10,94.81,14,256,8,15,7283,242.1803,7,20.06,119215,3.9
P0iZwXuQqwM,科技袁人Lite062：有了研究氫彈的于敏們，才有今天中國人自由開拓AI、5G的可能性,"Aug 2, 2019",15.1786,151,,,13,15,100,0,137,1,12,3616,378.3615,11,0,53889,4.38
dUGnyptzLc0,听说植物也会“尖叫”？想想还有些愧疚,"Apr 27, 2020",14.656,208,,,26,8,97.63,4,165,2,4,3305,228.3121,2,5.142,107640,2.03
xxnfAHVp5HU,世界读书日，请高考最低666分的同学们来推荐一本书！,"Apr 24, 2020",14.3179,237,,,41,16,98.84,2,170,3,3,3943,264.8187,0,1.639,103927,2.44
qh2NMcPgm6M,科技袁人Lite018：中興這次跌倒了，但這次中國芯片卻有了機會站起來,"Jul 30, 2019",14.0825,71,,,8,11,100,0,64,0,3,1539,279.6364,3,2.991,28113,3.54
1csEoqfRE0c,科技袁理：永居条例引争议，我们究竟需要什么样的外国人才？,"Apr 14, 2020",13.7347,299,,,101,19,98.8,5,411,0,9,5626,273.5338,9,2.118,104592,3.86
dxzDnv10_uo,科技袁人：什么是“中国剩余定理”,"Nov 5, 2019",13.5017,390,,,31,12,98.23,4,222,3,21,9226,335.875,18,33.275,128649,4.81
boY-v6CXPjs,科技袁人Lite030：真正的藥神是科學家，但是並沒有在電影中露面,"Jul 31, 2019",13.4333,40,,,1,7,100,0,16,0,2,560,172.6396,2,0,17001,2.16
vA6bqUcPSE0,俄罗斯要组建战斗机器人部队？只是基本操作,"Dec 3, 2019",13.0028,179,,,17,14,97.09,3,100,8,5,3512,237.2981,-3,7.98,72349,3.27
Rs_70KLka68,❌科技袁周虑：为了举办奥运会，日本第一个迎接的是：病毒？！,"Nov 19, 2019",12.9662,225,,,38,3,97.13,5,169,6,9,4536,274.6281,3,1.581,88082,3.55
0jOUwS7XAVg,科技袁人Plus 011：Remo Ruffini教授当年是如何与Wheeler一同发明“黑洞”概念？,"Aug 4, 2019",12.6499,196,,,20,18,99.3,1,141,0,49,4660,355.3611,49,7.146,188309,1.15
oHccXwIIUTY,"科技袁周虑：动保人士称不该杀蚊子，因为它们是“准妈妈...""","Aug 15, 2019",12.1185,145,,,25,5,96.55,3,84,3,9,3308,246.464,6,2.483,104741,2.09
neOn1YYvHqk,躺倒大自然：别人为了发展可以挖矿，藏民就不可以挖虫草吗？,"Aug 19, 2019",11.963,115,,,29,5,89.55,7,60,4,6,2170,257.4348,2,0,99722,1.43
F5lJE4wKvhM,科技袁人Lite073：IEEE對華為發出禁令，只會逼出更多科學家的反抗,"Aug 2, 2019",11.5753,47,,,4,3,100,0,25,0,0,874,204.565,0,1.451,28555,1.93
xqwJs2NXwdY,中国航天50年，我们不曾停歇！,"Apr 28, 2020",11.5331,305,,,45,7,100,0,344,6,9,5955,214.4317,3,2.224,129783,3.21
vmF_FJSSvso,科技袁人Lite064：破解量子密碼術？我們還是先來破解一下標題黨！,"Aug 2, 2019",11.4131,61,,,1,8,100,0,31,0,2,1571,242.4741,2,3.076,34120,2.67
Jfrd84qFezU,科技袁人Lite017：為什麼我們說永遠不要和懂數學的人辯論？,"Jul 30, 2019",11.2568,120,,,10,3,100,0,41,0,5,2057,202.5161,5,4.595,33929,3.74
EwSC9Xg0n40,科技袁周虑014：龍芯芯片+國產域名服務器？中國這自主化效率首先得感謝.....,"Aug 3, 2019",10.8638,167,,,8,13,98.37,2,121,0,26,6407,404.7705,26,4.445,135440,2.97
ediZtAHH-fQ,野生动物纪录片导演被扔上荒岛之后，真香！,"Apr 30, 2020",10.2868,210,,,18,4,96.45,6,163,6,2,3816,182.1003,-4,5.572,97413,2.56
hHGJQD9I-o0,躺倒大自然：鼩鼱：《黑猫警长》让我风评被害！,"Nov 5, 2019",10.014,121,,,15,5,94.74,3,54,1,6,2382,185.1268,5,5.834,91915,1.72
Han4HxGPz6w,科技袁周虑：莱布尼茨：双11这么多人研究算数是在纪念我吗？,"Nov 20, 2019",9.7248,124,,,16,5,100,0,62,3,4,1943,160.7976,1,5.972,73964,1.67
hTJql_dD8uc,科技袁人Lite048：如果數學史是一本武俠小說，那黎曼肯定領悟了”天外飛仙“,"Aug 1, 2019",9.6066,41,,,5,6,95.65,1,22,1,4,984,192.0654,3,0,23851,2.62
ZqRF0mLw5NI,科技袁人：Minecraft复现胖五冲出地球！｜长征五号,"Dec 29, 2019",9.5587,326,,,24,19,99.14,3,347,1,22,6629,202.1765,21,3.567,97167,4.55
SnQpTEjdX1s,科技袁人Lite045：今天繼續上數學課，黎曼猜想真的很有趣哦~,"Aug 1, 2019",8.1016,44,,,2,4,91.67,1,11,0,2,837,132.2689,2,0,21975,2.47
9fBvxFy9WBw,科技袁周虑：用蟑螂来做马德堡半球实验……,"Aug 14, 2019",7.9006,73,,,14,2,89.47,6,51,3,8,1719,158.1193,5,0,82150,1.41
foxkzkISKcA,科技袁人Lite058：一個科學家和他寄不出去的一封情書，理查德費曼的愛情故事,"Aug 1, 2019",7.8337,35,,,4,11,95.24,1,20,0,5,702,136.5099,5,0,21378,1.59
uTTzQNHaLbI,科技袁人：如何证明五点共圆,"Oct 31, 2019",7.6585,196,,,48,13,100,0,153,4,14,4917,207.3136,10,14.647,102698,2.94
ZA9RQDF4bbw,"科技袁人Lite051:總有一天，人類會驕傲地發出這串數字：2,3,5,7,11.....","Aug 1, 2019",7.4161,35,,,2,4,100,0,9,0,0,488,86.6082,0,0,18306,1.79
gEx0uAanlpY,科技袁人Lite025：科普講座身經百戰的袁老師，這次卻迎來了大危機！,"Jul 31, 2019",6.5702,72,,,6,4,100,0,43,0,4,1334,127.9031,4,1.816,23330,3.72
moFiA-FBY3E,躺到大自然：如何制作大竹象的昆虫标本,"Nov 4, 2019",6.5625,70,,,21,3,100,0,83,0,6,1477,155.3736,6,2.93,82861,1.03
w3XWJ6qxkEU,科技袁周率：学长手把手教你考中科大,"Mar 21, 2020",6.5071,134,,,16,4,96.75,4,119,8,3,2641,129.2253,-5,0,109586,1.37
MAV2wVtrZmo,科技袁周率：一条讲述#观视频答案年终秀#幕后故事的vlog,"Dec 11, 2019",6.5047,107,,,25,0,98.8,1,82,2,9,1626,133.1579,7,0,71546,1.45
PlSZzkLiLK0,科技袁人Lite029：理解超算排名這個事，竟然超出了很多人的智商？,"Jul 31, 2019",6.4991,24,,,1,4,100,0,19,0,2,453,118.4661,2,0,14968,1.9
I5wqd2usgM4,科技袁人Lite054：讓科學為人類文明負重前行，我們每個人都可以出一份力,"Aug 1, 2019",6.4841,28,,,2,7,100,0,10,1,0,351,72.1652,-1,0,19662,1.14
iljjiavEB88,科技袁人Lite068：能有楊振寧們爭論大型對撞機，本身就是中國人的幸事,"Aug 2, 2019",6.4505,46,,,4,4,95.45,1,21,0,3,941,139.5383,3,1.51,26646,2.29
WVvmp4kBEB8,科技袁人Lite069：大型對撞機的好處都有啥呢,"Aug 1, 2019",6.4367,43,,,1,4,94.74,1,18,0,2,962,155.5373,2,1.479,25392,2.4
WlFVZfmqVb4,科技袁人Lite043：日本科學家又獲諾貝爾獎，中國人需要焦慮嗎？,"Aug 1, 2019",6.3822,17,,,3,2,90,1,9,0,0,406,117.5371,0,0.535,16329,1.6
egpqw01kX1A,科技袁人Lite053：當美國要和你談法律，就先忘了道德和正義吧,"Aug 1, 2019",6.1927,30,,,2,4,100,0,17,0,0,493,99.2349,0,0,18726,1.71
HbU5C_foGnw,科技袁人Lite046：我們不但算起了黎曼猜想，還寫了個程序,"Aug 1, 2019",5.7379,35,,,1,2,100,0,5,0,1,610,92.9134,1,0,18035,2.27
up5wvD1D2YE,科技袁人Lite055：聽說錯過這一集，是要向全體科技袁人粉絲謝罪的,"Aug 1, 2019",5.4073,43,,,4,3,100,0,14,0,1,850,86.3524,1,0,23898,2.35
Py-_9pxFlJo,科技袁人Lite022：孔子到底算不算哲學家，為什麼要西方人才說了算？,"Jul 31, 2019",5.3761,55,,,4,4,100,0,47,0,6,1036,102.4747,6,2.613,23773,2.89
j6kIe2ZNm2A,科技袁人Lite049：想要飛出地球？數學和可控核聚變一樣是技能關鍵！,"Aug 1, 2019",5.3715,27,,,2,2,100,0,8,0,3,682,98.5435,3,1.436,18515,2.54
uASFn3eVpNc,躺倒大自然002：道理我都懂，可是人類為什麼要養鸚鵡？,"Jul 29, 2019",5.2851,29,,,1,1,84.62,2,11,0,6,498,87.3071,6,0,51051,0.67
pcDJrtuSKzE,科技袁人Plus010：加課！黑洞的原理如何通過數學方法搞懂,"Aug 4, 2019",5.2341,103,,,14,12,94.74,3,54,1,10,2762,160.9363,9,4.801,148855,1.29
M_aqn0gG50Y,科技袁人Lite014：我們都為錢學森們的精神感動，但還很少了解他們作為科學家的強大,"Jul 30, 2019",5.2203,41,,,4,3,100,0,29,0,0,797,106.2618,0,1.691,14949,3.67
KGH5xM4aVnM,科技袁人Lite052:我們不僅應該相信無神論，還要傳播好無神論！,"Aug 1, 2019",5.147,38,,,5,3,94.12,1,16,0,0,575,93.8942,0,0.936,19018,1.98
SEdrMsAjqr0,科技袁人Lite050：通过编辑胚胎基因来免疫艾滋病？坚决反对！！！强烈谴责！！,"Aug 1, 2019",5.0868,25,,,3,2,71.43,2,5,0,1,447,75.1608,1,0.979,18425,1.65
_22zUc5F2k0,科技袁人Lite020：屠呦呦偉大之處，是為了全人類抗瘧疾事業從0突破到1,"Jul 30, 2019",4.9406,25,,,2,4,100,0,15,0,0,427,80.7021,0,0,15313,1.95
7TfTMuc11FI,科技袁人Lite042：比起中國的科技實力，我們的科普太落後了,"Aug 1, 2019",4.89,26,,,6,6,100,0,15,0,2,541,67.3934,2,0,18407,1.87
4CZe-3d4Omg,肺炎时期的爱情｜唐义诚｜小别胜新婚，该分还得分,"Feb 16, 2020",4.7503,224,,,28,9,93.65,8,118,4,4,3071,66.3789,0,1.63,84862,2.32
n_1su4RSl9Q,科技袁人Lite015：清明節，讓我們一起紀念钟扬，一位為中國保留未來種子的師長,"Jul 30, 2019",4.7436,39,,,8,15,100,0,72,0,4,832,94.7488,4,2.102,19548,2.76
mPMjOeBoMBk,科技袁人Lite047：我們繼續聊聊黎曼猜想，這充滿智慧的數學啊~,"Aug 1, 2019",4.5707,24,,,2,6,100,0,6,1,3,608,92.8962,2,1.316,20435,1.94
dxDKzRbZtLU,科技袁人Lite032：韓春雨論文撤稿的一週年，我們能反思些什麼？,"Jul 31, 2019",4.2897,17,,,2,2,100,0,4,0,0,394,79.6061,0,0.702,15487,1.57
0iOhIaEE8KA,科技袁人Lite044：霍金去世了，但為世界留下了他的”最後一課“,"Aug 1, 2019",4.1483,29,,,3,2,100,0,5,0,0,396,56.3108,0,0,16547,1.57
wR19H6PDvrY,科技袁人Lite007：袁老师谈隐性补助拜年——我，科大，用大数据给学生打钱,"Jul 22, 2019",4.1365,80,,,14,3,100,0,52,0,3,1754,92.6632,3,2.652,56491,1.87
SMhm8LfcWwc,化学生僻字，一起来重温一下袁老师美妙(?)的歌喉吧～,"Jul 19, 2019",4.0377,76,,,15,43,100,0,75,0,19,2242,124.1343,19,0,27049,5.91
8tDjglqZmwU,科技袁人Lite041：一顆類地行星被發現了，可能就要取名為“瓦肯星”,"Aug 1, 2019",3.8227,14,,,0,2,100,0,2,0,0,334,69.8209,0,0.722,16346,1.31
3ooPlwx2eEU,科技袁人Lite021：屠呦呦獲諾貝爾獎的功勞有中醫的，更有中國的,"Jul 30, 2019",3.6692,26,,,4,1,100,0,18,0,1,466,56.1248,1,0.705,15133,2.1
eUzcCi1bKvY,科技袁周虑：你家这水暖不错，什么牌子？LHC大型强子对撞机,"Aug 11, 2019",3.6372,44,,,8,1,97.22,1,35,1,1,940,81.3078,0,0.706,52864,1.21
x3FnDieGXTE,科技袁人：聊齐奥尔科夫斯基公式的，火箭小知识,"Aug 13, 2019",3.6094,97,,,10,4,100,0,51,2,7,2022,68.2547,5,0,64701,2.27
NRw1DmNcgNk,科技袁人Lite033：數學真實惠，一道題就夠我做一個暑假了,"Jul 31, 2019",3.4508,22,,,1,1,87.5,1,7,0,2,459,74.3575,2,0,16319,1.89
5A1CmYKI9RU,科技袁周虑011：先是斷供，又來禁令，對付華為還要用多少手段？,"Aug 3, 2019",3.1659,30,,,4,0,91.67,2,22,0,4,837,69.6585,4,0,64079,0.88
cMgxUH-KceQ,科技袁人Lite019：屠呦呦的諾貝爾獎，是第一次徹底的”中國製造“,"Jul 30, 2019",3.0788,25,,,1,2,100,0,14,0,2,453,62.0048,2,0.726,16656,1.81
uGYooYLM3No,科技袁周虑015:中國雖大，但沒有一吋多於，還要用來觀測宇宙,"Aug 3, 2019",2.8705,41,,,2,0,100,0,30,0,1,789,57.8004,1,0.713,77136,0.69
l9ZMZkaWZa4,科技袁周虑010：當美國開始驅逐華裔科學家時，中國更要做好自己的事情,"Aug 3, 2019",2.699,29,,,1,1,100,0,29,0,4,691,71.4207,4,0,56421,0.87
zYtPLQDX-SM,科技袁人Lite028：”只寫答案不給分“為什麼這麼重要？,"Jul 31, 2019",2.457,16,,,3,2,100,0,13,0,0,413,61.8023,0,0.672,14649,1.6
f9NupqNyKfo,科技袁周虑009：理科生or工科生，誰才是理工科里最靚的仔,"Aug 3, 2019",2.2241,11,,,0,1,100,0,6,0,3,324,30.9158,3,0,28450,0.83
hDuEO2hP1Jc,科技袁人Lite031：在這場恐慌面前，讓我們接種知識的疫苗,"Jul 31, 2019",2.0891,20,,,2,1,100,0,8,0,0,324,36.8849,0,0.328,14857,1.41
o4dIZkYxEGw,躺到大自然003：我們這代中國人，還能看一眼活著的白鰭豚嗎？,"Jul 29, 2019",2.0421,24,,,5,0,100,0,9,1,5,624,41.9896,4,1.272,56823,0.61
D-ti2VgDmdM,科技袁周虑008：人工智能現在最大的問題是...政治不正確,"Aug 3, 2019",1.6612,22,,,3,1,94.12,1,16,1,2,415,31.3606,1,0.893,28383,1.06
EvSIlenbwKM,科技袁人Lite037：尖尖要去美國留學啦,"Jul 31, 2019",1.5947,19,,,2,4,100,0,7,0,1,398,63.1988,1,0.717,15903,1.69
yUurvdzZ2kI,科技袁人Lite026：高考最大的意外是，那年的數學太簡單了！,"Jul 31, 2019",1.5354,20,,,1,1,100,0,11,0,2,382,45.6623,2,0.558,14286,1.71
hbvrWCrw_8k,科技袁人Lite039：今天也繼續快樂地做數學題吧,"Aug 1, 2019",1.4063,14,,,1,1,100,0,10,0,1,273,23.7706,1,0.488,15621,1.21
d_hJ7ttkKfg,❌科技袁周虑 002：波音飛機事故之後，美國媒體首先想到的都是扯上中國？,"Aug 3, 2019",1.3752,19,,,4,2,100,0,23,1,1,432,29.5621,0,0.101,18348,1.65
ObeBdyymDmE,科技袁周虑004：有人說涼山的悲劇是因為中國消防員不專業？他們對火災一無所知！,"Aug 3, 2019",0.834,15,,,1,2,100,0,2,0,2,308,24.0586,2,0.189,24718,0.96
GFXLzGk00ZQ,科技袁周虑006：科技袁人搬新家啦~,"Aug 3, 2019",0.7714,36,,,6,1,100,0,9,0,1,201,7.9283,1,0.161,26859,0.55
PNyUbNWCHFg,躺倒大自然001：沒有買賣就沒有殺害，但已經有的象牙應該怎麼對待？,"Jul 29, 2019",0.5887,10,,,10,2,89.47,2,17,0,2,406,63.604,2,0,48112,0.55
W6QJmlLbxbY,科技袁周虑001：為什麼說《流浪地球》的成功，對科技界也是大新聞？,"Aug 3, 2019",0.5533,12,,,3,2,100,0,16,1,1,351,28.5768,0,0,19449,1.31
s0PoyTKXerE,科技袁周率003：谷歌要讓3A變成網頁遊戲？,"Aug 3, 2019",0.4018,11,,,3,1,100,0,3,0,1,182,13.4637,1,0,23219,0.6
OeClQp515Fs,有的行星上可能全是钻石，但这不是最有价值的,"Aug 14, 2020",0,0,,,0,0,,0,0,0,0,0,0,0,0,0,
